12002,NEW DELHI - HABIBGANJ Shatabdi Express,Shatabdi
12004,NEW DELHI - LUCKNOW NE Shatabdi Express,Shatabdi
12013,NEW DELHI - AMRITSAR JN Shatabdi Express,Shatabdi
12027,CHENNAI CENTRAL - KSR BENGALURU Shatabdi Express,Shatabdi
12028,KSR BENGALURU - CHENNAI CENTRAL Shatabdi Express,Shatabdi
12243,CHENNAI CENTRAL - COIMBATORE JN Shatabdi Express,Shatabdi
12310,NEW DELHI - RAJENDRANAGAR T Rajdhani Express,Rajdhani
12062,JABALPUR - HABIBGANJ Jan-Shatabdi Express,Shatabdi
12239,MUMBAI CENTRAL - JAIPUR Duronto Express,Duronto
12262,HOWRAH JN - C SHIVAJI MAH T Duronto Express,Duronto
22209,MUMBAI CENTRAL - NEW DELHI Duronto Express,Duronto
22214,PATNA JN - SHALIMAR Duronto Express,Duronto
22408,ANAND VIHAR TRM - VARANASI JN Garibrath Express,Garibrath
12426,JAMMU TAWI - NEW DELHI Rajdhani Express,Rajdhani
11817,BHUBANESWAR - NEW DELHI Rajdhani Express,Rajdhani
